{
    "MainMenuItems":
    [
        {
            "title": "Home",
            "bitmap": "pkg:/images/Home.png",
            "action": "MENU_HOME",
            "enabled": true
        },
        {
            "title": "Search",
            "bitmap": "pkg:/images/Search.png",
            "action": "MENU_SEARCH",
            "enabled": true
        },
        {
            "title": "Tags",
            "bitmap": "pkg:/images/tags.png",
            "action": "MENU_TAGS",
            "enabled": true
        },
        {
            "title": "Series",
            "bitmap": "pkg:/images/Series.png",
            "action": "MENU_SERIES",
            "enabled": true
        },
        {
            "title": "Movies",
            "bitmap": "pkg:/images/Movies.png",
            "action": "MENU_MOVIES",
            "enabled": true
        }
    ]
}