{
    "screens": [
        {
            "name": "GridScreen",
            "titleLabel": [
                {
                    "GothamBoldDarkBlue" :
                    {
                        "fontUri": "pkg:/fonts/Gotham-Bold.otf",
                        "fontSize": 36,
                        "color" : "#00008b" 
                    }           
                }
            ],
            "descriptionLabel": [
                {
                    "NordicaClassicLightItalic" : 
                    {
                        "fontUri": "pkg:/fonts/NordicaClassicLightCondensedOblique.otf",
                        "fontSize": 18,
                        "color": "#00008b"
                    }
                }
            ] ,
            "extrasLabel": [
                {
                    "GothamDarkBlue12" :
                     {
                        "fontUri": "pkg:/fonts/Gotham-Medium.otf",
                        "fontSize": 12,
                        "color": "#00008b"
                    }
                },
                {
                    "GenericDingbatsSmall" : 
                    {
                        "fontUri": "pkg:/fonts/genericons.regular.otf",
                        "fontSize": 12,
                        "color": "#00008b"
                    }
                }
            ]
        },
        {
            "name": "DetailsScreen",
            "titleLabel": [
                {
                    "GothamBoldDarkBlue" :
                    {
                        "fontUri": "pkg:/fonts/Gotham-Bold.otf",
                        "fontSize": 36,
                        "color" : "#00008b" 
                    }           
                }
            ],
            "descriptionLabel": [
                {
                    "GothamDarkBlue18" : 
                    {
                        "fontUri": "pkg:/fonts/Gotham-Medium.otf",
                        "fontSize": 18,
                        "color": "#00008b"
                    }
                }
            ] ,
            "timeremainingLabel": [
                {
                    "GothamDarkBlue12" :
                     {
                        "fontUri": "pkg:/fonts/Gotham-Medium.otf",
                        "fontSize": 12,
                        "color": "#00008b"
                    }
                }
            ] ,
            "votingLabel": [
                {
                    "GothamWhite12" : 
                    {
                        "fontUri": "pkg:/fonts/Gotham-Medium.otf",
                        "fontSize": 12,
                        "color": "#FFFAFA"
                    }
                }
            ] ,
            "extrasLabel": [
                {
                    "GothamDarkBlue12" :
                     {
                        "fontUri": "pkg:/fonts/Gotham-Medium.otf",
                        "fontSize": 12,
                        "color": "#00008b"
                    }
                },
                {
                    "GenericDingbatsSmall" : 
                    {
                        "fontUri": "pkg:/fonts/genericons.regular.otf",
                        "fontSize": 12,
                        "color": "#00008b"
                    }
                }
            ],
            "detailsButtons" : [
                {
                    "GothamDarkBlue12" :
                     {
                        "fontUri": "pkg:/fonts/Gotham-Medium.otf",
                        "fontSize": 12,
                        "textColor": "0x00008b",
                        "focusedTextColor" : "0x000000"
                    }
                }
            ]
        },
        {
            "name": "EpisodesOnlyScreen",
            "votingLabel": [
                {
                    "GothamWhite12" : 
                    {
                        "fontUri": "pkg:/fonts/Gotham-Medium.otf",
                        "fontSize": 12,
                        "color": "#FFFAFA"
                    }
                }
            ] ,
            "extrasLabel": [
                {
                    "GothamDarkBlue12" :
                     {
                        "fontUri": "pkg:/fonts/Gotham-Medium.otf",
                        "fontSize": 12,
                        "color": "#00008b"
                    }
                },
                {
                    "GenericDingbatsSmall" : 
                    {
                        "fontUri": "pkg:/fonts/genericons.regular.otf",
                        "fontSize": 12,
                        "color": "#00008b"
                    }
                }
            ],
            "creditsLabel" : [
                {
                    "GothamDarkBlue12" :
                     {
                        "fontUri": "pkg:/fonts/Gotham-Medium.otf",
                        "fontSize": 12,
                        "color": "#00008b"
                    }
                },
                {
                    "GenericDingbatsSmall" : 
                    {
                        "fontUri": "pkg:/fonts/genericons.regular.otf",
                        "fontSize": 12,
                        "color": "#00008b"
                    }
                }
            ]
        },
        {
            "name": "EpisodesScreen",
            "votingLabel": [
                {
                    "GothamWhite12" : 
                    {
                        "fontUri": "pkg:/fonts/Gotham-Medium.otf",
                        "fontSize": 12,
                        "color": "#FFFAFA"
                    }
                }
            ] ,
            "episodesLabel": [
                {
                    "GothamWhite16": 
                    {
                        "fontUri": "pkg:/fonts/Gotham-Medium.otf",
                        "fontSize": 16,
                        "color": "#FFFAFA"
                    }
                },
                {
                    "GenericDingbatsSmall" : 
                    {
                        "fontUri": "pkg:/fonts/genericons.regular.otf",
                        "fontSize": 12,
                        "color": "#00008b"
                    }
                }
            ]
        },
        {
            "name": "EpisodesListItemComponent",
            "info": [
                {
                    "GothamWhite16": 
                    {
                        "fontUri": "pkg:/fonts/Gotham-Medium.otf",
                        "fontSize": 16,
                        "color": "#FFFAFA"
                    }
                }
            ],
            "title": [
                {
                    "GothamWhite16": 
                    {
                        "fontUri": "pkg:/fonts/Gotham-Medium.otf",
                        "fontSize": 20,
                        "color": "#EFEFEFFF"
                    }
                }
            ],
            "description": [
                {
                    "GothamWhite16": 
                    {
                        "fontUri": "pkg:/fonts/Gotham-Medium.otf",
                        "fontSize": 16,
                        "color": "#FFFFFF6F"
                    }
                }
            ] 
        }
    ]
}