<?xml version="1.0" encoding="UTF-8" ?>
<component name="ProgressComponent" extends="Group" xsi:noNamespaceSchemaLocation="https://devtools.web.roku.com/schema/RokuSceneGraph.xsd">
    <interface>
        <field id="width" type="float" onChange="onWidthChanged" alwaysNotify="true" />
        <field id="height" type="float" onChange="onHeightChanged" alwaysNotify="true" />
        <field id="itemContent" type="node" onChange="onContentChanged" alwaysNotify="true" />
    </interface>
    <script type="text/brightscript" uri="ProgressComponent.brs" />
    <script type="text/brightscript" uri="pkg:/source/utils.brs" />
    <script type="text/brightscript" uri="pkg:/components/UILogic/VotingBookmarkLogic.brs" />
    <script type="text/brightscript" uri="pkg:/components/UILogic/BookmarkLogic.brs" />
    <script type="text/brightscript" uri="pkg:/source/Theme.brs" />
    <script type="text/brightscript" uri="pkg:/source/bslib.brs" />
    <children>
        <Rectangle id="progressBase" color="0x9d979acc" width="310" height="2" />
        <Rectangle id="progressIndicator" color="0xFFFFFFFF" width="0" height="2" />
        <MultiStyleLabel id="timeRemaining" maxLines="1" width="310" />
        <LayoutGroup id="restartLayout" layoutDirection="horiz" translation="[230.0, 15.0]" itemSpacings="[5]">
            <Poster id="restartThumbnail" visible="false" height="24" loadDisplayMode="scaleToFit" width="24" />
            <MultiStyleLabel id="restart" visible="false" />
        </LayoutGroup>
    </children>
</component>
<!--//# sourceMappingURL=./ProgressComponent.xml.map -->