<?xml version="1.0" encoding="utf-8" ?>
<component name="DetailsScreen" extends="Group" initialFocus="detailsButtons" xsi:noNamespaceSchemaLocation="https://devtools.web.roku.com/schema/RokuSceneGraph.xsd">
    <interface>
        <field id="content" type="node" />
        <field id="jumpToItem" type="integer" onChange="OnJumpToItem" value="0" alwaysNotify="true" />
        <field id="itemFocused" type="integer" alwaysNotify="true" />
        <field id="buttonSelected" type="integer" alias="detailsButtons.buttonSelected" />
        <field id="buttonFocused" type="integer" alwaysNotify="true" alias="detailsButtons.buttonFocused" />
        <field id="focusButton" type="integer" />
    </interface>
    <script type="text/brightscript" uri="DetailsScreen.brs" />
    <script type="text/brightscript" uri="pkg:/source/utils.brs" />
    <script type="text/brightscript" uri="pkg:/components/UILogic/BookmarkLogic.brs" />
    <script type="text/brightscript" uri="pkg:/components/UILogic/SmartBookmarkLogic.brs" />
    <script type="text/brightscript" uri="pkg:/components/UILogic/EpisodesOnlyScreenLogic.brs" />
    <script type="text/brightscript" uri="pkg:/components/UILogic/SeasonsWithEpisodesScreenLogic.brs" />
    <script type="text/brightscript" uri="pkg:/components/UILogic/AccessTokenLogic.brs" />
    <script type="text/brightscript" uri="pkg:/components/UILogic/LoginStatusLogic.brs" />
    <script type="text/brightscript" uri="pkg:/source/fontsupport.brs" />
    <script type="text/brightscript" uri="pkg:/components/UILogic/ScreenStackLogic.brs" />
    <script type="text/brightscript" uri="pkg:/components/UILogic/DetailsScreenLogic.brs" />
    <script type="text/brightscript" uri="pkg:/components/UILogic/VideoPlayer.brs" />
    <script type="text/brightscript" uri="pkg:/source/main.brs" />
    <script type="text/brightscript" uri="pkg:/components/UILogic/SubscriptionLogic.brs" />
    <script type="text/brightscript" uri="pkg:/source/bslib.brs" />
    <children>
        <LayoutGroup translation="[80, 30]" itemSpacings="[10]" layoutDirection="vert">
            <Rectangle id="background" translation="[80, 350]" width="750" color="0x0000ff" opacity="0.25" />
            <MultiStyleLabel id="titleLabel" translation="[80, 350]" width="750" wrap="true" horizAlign="left" />
            <MultiStyleLabel id="descriptionLabel" translation="[80, 350]" ellipsizeOnBoundary="true" wrap="true" width="750" ellipsisText="...(* for more)" />
            <MultiStyleLabel id="extrasLabel" width="725" translation="[80,355]" />
            <ButtonGroup id="detailsButtons" translation="[80, 400]" textColor="0x0000ff" layoutDirection="horiz" buttonHeight="50" textFont="font:SmallestSystemFont" focusedTextFont="font:SmallestSystemFont" />
        </LayoutGroup>
    </children>
</component>
<!--//# sourceMappingURL=./DetailsScreen.xml.map -->