<?xml version="1.0" encoding="UTF-8" ?>
<component name="EpisodesListItemComponent" extends="Group" xsi:noNamespaceSchemaLocation="https://devtools.web.roku.com/schema/RokuSceneGraph.xsd">
    <interface>
        <field id="itemContent" type="node" onChange="itemContentChanged" />
    </interface>
    <script type="text/brightscript" uri="EpisodesListItemComponent.brs" />
    <script type="text/brightscript" uri="pkg:/source/utils.brs" />
    <script type="text/brightscript" uri="pkg:/components/UILogic/VotingBookmarkLogic.brs" />
    <script type="text/brightscript" uri="pkg:/components/UILogic/BookmarkLogic.brs" />
    <script type="text/brightscript" uri="pkg:/source/Theme.brs" />
    <script type="text/brightscript" uri="pkg:/source/bslib.brs" />
    <children>
        <Rectangle width="650" height="160" color="0x202020ff" />
        <LayoutGroup layoutDirection="horiz" itemSpacings="[10]" vertAlignment="custom">
            <Poster id="poster" width="250" loadWidth="250" height="160" loadHeight="160" loadDisplayMode="limitSize" />
            <LayoutGroup translation="[0.0, 10.0]" itemSpacings="[16]">
                <MultiStyleLabel id="title" maxLines="2" width="310" wrap="true" />
                <MultiStyleLabel id="info" maxLines="2" width="310" wrap="true" />
                <MultiStyleLabel id="description" maxLines="2" width="310" wrap="false" ellipsizeOnBoundary="true" ellipsisText="...(* for more)" />
            </LayoutGroup>
        </LayoutGroup>
    </children>
</component>
<!--//# sourceMappingURL=./EpisodesListItemComponent.xml.map -->