<?xml version="1.0" encoding="UTF-8" ?>
<component name="MainScene" extends="Scene">
    <interface>
        <field id="inputArgs" type="assocarray" onChange="OnInputDeepLinking" />
    </interface>
    <script type="text/brightscript" uri="MainScene.brs" />
    <script type="text/brightscript" uri="pkg:/source/utils.brs" />
    <script type="text/brightscript" uri="UILogic/BookmarkLogic.brs" />
    <script type="text/brightscript" uri="UILogic/SmartBookmarkLogic.brs" />
    <script type="text/brightscript" uri="UILogic/ScreenStackLogic.brs" />
    <script type="text/brightscript" uri="UILogic/ContentTaskLogic.brs" />
    <script type="text/brightscript" uri="UILogic/GridScreenLogic.brs" />
    <script type="text/brightscript" uri="UILogic/VideoPlayer.brs" />
    <script type="text/brightscript" uri="UILogic/DetailsScreenLogic.brs" />
    <script type="text/brightscript" uri="UILogic/SeasonsWithEpisodesScreenLogic.brs" />
    <script type="text/brightscript" uri="UILogic/EpisodesOnlyScreenLogic.brs" />
    <script type="text/brightscript" uri="UILogic/DeepLinkingLogic.brs" />
    <script type="text/brightscript" uri="pkg:/source/bslib.brs" />
    <children>
        <Poster id="background" uri="pkg:/images/background_hd.png" width="1280" height="720" />
        <Label id="loadingIndicator" text="Please wait.  Loading..." width="1280" height="720" translation="[0,0]" horizAlign="center" vertAlign="center" visible="false" font="font:MediumBoldSystemFont" />
    </children>
</component>
<!--//# sourceMappingURL=./MainScene.xml.map -->