<?xml version="1.0" encoding="UTF-8"?>
<component name="MainScene" extends="Scene">
    <script type="text/brightscript" uri="MainScene.brs" />
    <script type="text/brightscript" uri="pkg:/source/utils.brs" />
    <script type="text/brightscript" uri="pkg:/source/registry.brs" />
    <script type="text/brightscript" uri="UILogic/ScreenStackLogic.brs" />
    <script type="text/brightscript" uri="UILogic/ContentTaskLogic.brs" />
    <script type="text/brightscript" uri="UILogic/GridScreenLogic.brs" />
    <script type="text/brightscript" uri="UILogic/VideoPlayer.brs" />
    <script type="text/brightscript" uri="UILogic/DetailsScreenLogic.brs" />
    <script type="text/brightscript" uri="UILogic/SeasonsWithEpisodesScreenLogic.brs" />
    <script type="text/brightscript" uri="UILogic/EpisodesOnlyScreenLogic.brs" />
    <children>
        <!-- Loading indicator -->
        <Label
            id="loadingIndicator"
            text="Please wait.  Loading..."
            width="1280"
            height="720"
            translation="[0,0]"
            horizAlign="center"
            vertAlign="center"
            visible="false"
            font="font:MediumBoldSystemFont"
            />            
    </children>
</component>