<?xml version="1.0" encoding="UTF-8" ?>
<component name="MainMenuComponent" extends="Group" xsi:noNamespaceSchemaLocation="https://devtools.web.roku.com/schema/RokuSceneGraph.xsd">
    <interface>
        <field id="jumpToItem" type="integer" />
        <field id="itemFocused" type="integer" value="0" />
    </interface>
    <script type="text/brightscript" uri="MainMenuComponent.brs" />
    <script type="text/brightscript" uri="pkg:/components/UILogic/WatchlistScreenLogic.brs" />
    <script type="text/brightscript" uri="pkg:/source/utils.brs" />
    <script type="text/brightscript" uri="pkg:/components/UILogic/Watched.brs" />
    <script type="text/brightscript" uri="pkg:/components/UILogic/VotingBookmarkLogic.brs" />
    <script type="text/brightscript" uri="pkg:/components/UILogic/BookmarkLogic.brs" />
    <script type="text/brightscript" uri="pkg:/components/UILogic/CloudRegistryTaskLogic.brs" />
    <script type="text/brightscript" uri="pkg:/components/UILogic/ScreenStackLogic.brs" />
    <script type="text/brightscript" uri="pkg:/components/UILogic/TagScreenLogic.brs" />
    <script type="text/brightscript" uri="pkg:/components/UILogic/TagContentScreenLogic.brs" />
    <script type="text/brightscript" uri="pkg:/components/UILogic/SearchScreenLogic.brs" />
    <script type="text/brightscript" uri="pkg:/source/bslib.brs" />
    <children>
        <MarkupList itemComponentName="MenuItemComponent" id="mainMenuList" translation="[50.0, 250.0]" inheritParentTransform="false" numRows="5" itemSpacing="[0,25]" itemSize="[35, 35]" focusBitmapUri="pkg:/images/focus.9.png" focusFootprintBitmapUri="pkg:/images/focus.9.png" />
    </children>
</component>
<!--//# sourceMappingURL=./MainMenuComponent.xml.map -->