<?xml version="1.0" encoding="UTF-8" ?>
<component name="MenuItemComponent" extends="Group" xsi:noNamespaceSchemaLocation="https://devtools.web.roku.com/schema/RokuSceneGraph.xsd">
    <interface>
        <field id="itemContent" type="node" onChange="itemContentChanged" />
    </interface>
    <script type="text/brightscript" uri="MenuItemComponent.brs" />
    <script type="text/brightscript" uri="pkg:/source/bslib.brs" />
    <children>
        <poster id="icon" width="32" height="32" />
        <Label id="titleLabel" translation="[50, 10]" font="font:smallestSystemFont" horizAlign="center" vertAlign="center" />
    </children>
</component>
<!--//# sourceMappingURL=./MenuItemComponent.xml.map -->