<?xml version="1.0" encoding="utf-8" ?>
<component name="EpisodesScreen" extends="Group" initialFocus="episodesList" xsi:noNamespaceSchemaLocation="https://devtools.web.roku.com/schema/RokuSceneGraph.xsd">
    <interface>
        <field id="content" type="node" alwaysnotify="true" onChange="OnContentChange" />
        <field id="selectedItem" type="vector2d" alwaysNotify="true" />
        <field id="jumpToItem" type="integer" alwaysNotify="true" onChange="OnJumpToItem" />
    </interface>
    <script type="text/brightscript" uri="SeasonsWithEpisodesScreen.brs" />
    <script type="text/brightscript" uri="pkg:/source/utils.brs" />
    <script type="text/brightscript" uri="pkg:/source/fontsupport.brs" />
    <script type="text/brightscript" uri="pkg:/components/UILogic/ContentVotingLogic.brs" />
    <script type="text/brightscript" uri="pkg:/components/UILogic/VotingBookmarkLogic.brs" />
    <script type="text/brightscript" uri="pkg:/components/UILogic/BookmarkLogic.brs" />
    <script type="text/brightscript" uri="pkg:/source/bslib.brs" />
    <children>
        <LayoutGroup layoutDirection="horiz" translation="[90.0, 150.0]" itemSpacings="[20]">
            <LayoutGroup layoutDirection="vert" translation="[90.0, 150.0]" itemSpacings="[20]">
                <LabelList id="seasonsList" itemSpacing="[0,10]" itemSize="[360, 48]" color="0xffffff" focusBitmapBlendColor="0xadd8e6" numRows="5" />
                <MultiStyleLabel id="votingLabel" width="357" translation="[0, 240]" />
            </LayoutGroup>
            <LayoutGroup layoutDirection="vert" translation="[90.0, 150.0]" itemSpacings="[20]">
                <MultiStyleLabel id="episodesLabel" width="600" translation="[0, 245]" />
                <MarkupList id="episodesList" itemComponentName="EpisodesListItemComponent" focusBitmapUri="pkg:/images/focus.9.png" focusFootprintBitmapUri="pkg:/images/focus.9.png" itemSize="[650, 160]" itemSpacing="[0, 20]" numRows="3" />
            </LayoutGroup>
        </LayoutGroup>
    </children>
</component>
<!--//# sourceMappingURL=./SeasonsWithEpisodesScreen.xml.map -->