<?xml version="1.0" encoding="UTF-8" ?>
<component name="GridScreen" extends="Group" initialFocus="RowList">
    <interface>
        <field id="content" type="node" alias="RowList.content" />
        <field id="rowItemSelected" type="intarray" alwaysNotify="true" alias="RowList.rowItemSelected" />
        <field id="jumpToRowItem" type="intarray" alwaysNotify="true" alias="RowList.jumpToRowItem" />
    </interface>
    <script type="text/brightscript" uri="GridScreen.brs" />
    <script type="text/brightscript" uri="pkg:/source/utils.brs" />
    <script type="text/brightscript" uri="pkg:/source/bslib.brs" />
    <children>
        <Label id="titleLabel" width="1020" translation="[130,170]" />
        <Label id="descriptionLabel" wrap="true" width="1020" numLines="3" translation="[130,220]" />
        <RowList itemComponentName="RowListItemComponent" id="rowList" translation="[80,350]" numRows="2" rowItemSize="[[320,180]]" rowItemSpacing="[[20,0]]" itemSize="[1100,270]" rowLabelOffset="[[50,20]]" focusXOffset="[50]" showRowLabel="[true]" rowFocusAnimationStyle="floatingFocus" />
    </children>
</component>
<!--//# sourceMappingURL=./GridScreen.xml.map -->