<?xml version="1.0" encoding="UTF-8" ?>
<component name="MainScene" extends="Scene">
    <interface>
        <field id="inputArgs" type="assocarray" onChange="OnInputDeepLinking" />
        <function name="GetScreenStack" />
    </interface>
    <script type="text/brightscript" uri="MainScene.brs" />
    <script type="text/brightscript" uri="pkg:/source/utils.brs" />
    <script type="text/brightscript" uri="pkg:/components/UILogic/BookmarkLogic.brs" />
    <script type="text/brightscript" uri="pkg:/components/UILogic/SmartBookmarkLogic.brs" />
    <script type="text/brightscript" uri="pkg:/components/UILogic/ContentTaskLogic.brs" />
    <script type="text/brightscript" uri="pkg:/components/UILogic/GridScreenLogic.brs" />
    <script type="text/brightscript" uri="pkg:/components/UILogic/VideoPlayer.brs" />
    <script type="text/brightscript" uri="pkg:/components/UILogic/DetailsScreenLogic.brs" />
    <script type="text/brightscript" uri="pkg:/components/UILogic/SeasonsWithEpisodesScreenLogic.brs" />
    <script type="text/brightscript" uri="pkg:/components/UILogic/EpisodesOnlyScreenLogic.brs" />
    <script type="text/brightscript" uri="pkg:/components/UILogic/DeepLinkingLogic.brs" />
    <script type="text/brightscript" uri="UILogic/SubscriptionLogic.brs" />
    <script type="text/brightscript" uri="pkg:/components/UILogic/AccessTokenLogic.brs" />
    <script type="text/brightscript" uri="pkg:/components/UILogic/LoginStatusLogic.brs" />
    <script type="text/brightscript" uri="pkg:/components/UILogic/SearchScreenLogic.brs" />
    <script type="text/brightscript" uri="pkg:/components/UILogic/Watched.brs" />
    <script type="text/brightscript" uri="pkg:/components/UILogic/VotingBookmarkLogic.brs" />
    <script type="text/brightscript" uri="pkg:/source/main.brs" />
    <script type="text/brightscript" uri="pkg:/components/UILogic/ScreenStackLogic.brs" />
    <script type="text/brightscript" uri="pkg:/components/UILogic/ContentVotingLogic.brs" />
    <script type="text/brightscript" uri="pkg:/source/Theme.brs" />
    <script type="text/brightscript" uri="pkg:/components/UILogic/InputLogic.brs" />
    <script type="text/brightscript" uri="pkg:/components/UILogic/CleanupLogic.brs" />
    <script type="text/brightscript" uri="pkg:/components/RokuVoice/Voice.brs" />
    <script type="text/brightscript" uri="pkg:/source/bslib.brs" />
    <children>
        <Poster id="background" uri="pkg:/images/background_hd.png" width="1280" height="720" />
        <MultiStyleLabel id="loadingIndicator" width="1280" height="720" translation="[0,0]" horizAlign="center" vertAlign="center" visible="false" />
        <BusySpinner id="busySpinner" visible="false" />
    </children>
</component>
<!--//# sourceMappingURL=./MainScene.xml.map -->