<?xml version="1.0" encoding="UTF-8" ?>
<component name="MainScene" extends="Scene">
    <interface>
        <field id="inputArgs" type="assocarray" onChange="OnInputDeepLinking" />
        <field id="Player" type="node" />
        <function name="GetScreenStack" />
    </interface>
    <script type="text/brightscript" uri="MainScene.brs" />
    <script type="text/brightscript" uri="pkg:/source/utils.brs" />
    <script type="text/brightscript" uri="pkg:/components/UILogic/BookmarkLogic.brs" />
    <script type="text/brightscript" uri="pkg:/components/UILogic/SmartBookmarkLogic.brs" />
    <script type="text/brightscript" uri="pkg:/components/UILogic/ContentTaskLogic.brs" />
    <script type="text/brightscript" uri="pkg:/components/UILogic/GridScreenLogic.brs" />
    <script type="text/brightscript" uri="pkg:/components/UILogic/VideoPlayer.brs" />
    <script type="text/brightscript" uri="pkg:/components/UILogic/DetailsScreenLogic.brs" />
    <script type="text/brightscript" uri="pkg:/components/UILogic/SeasonsWithEpisodesScreenLogic.brs" />
    <script type="text/brightscript" uri="pkg:/components/UILogic/EpisodesOnlyScreenLogic.brs" />
    <script type="text/brightscript" uri="pkg:/components/UILogic/DeepLinkingLogic.brs" />
    <script type="text/brightscript" uri="UILogic/SubscriptionLogic.brs" />
    <script type="text/brightscript" uri="pkg:/components/UILogic/AccessTokenLogic.brs" />
    <script type="text/brightscript" uri="pkg:/components/UILogic/LoginStatusLogic.brs" />
    <script type="text/brightscript" uri="pkg:/components/UILogic/SearchScreenLogic.brs" />
    <script type="text/brightscript" uri="pkg:/source/Theme.brs" />
    <script type="text/brightscript" uri="pkg:/components/UILogic/Watched.brs" />
    <script type="text/brightscript" uri="pkg:/components/UILogic/VotingBookmarkLogic.brs" />
    <script type="text/brightscript" uri="pkg:/components/UILogic/CloudRegistryTaskLogic.brs" />
    <script type="text/brightscript" uri="pkg:/source/main.brs" />
    <script type="text/brightscript" uri="pkg:/components/UILogic/VideoPlayerWithAds.brs" />
    <script type="text/brightscript" uri="pkg:/components/UILogic/ScreenStackLogic.brs" />
    <script type="text/brightscript" uri="pkg:/components/UILogic/ContentVotingLogic.brs" />
    <script type="text/brightscript" uri="pkg:/components/UILogic/AudioScreenLogic.brs" />
    <script type="text/brightscript" uri="pkg:/components/UILogic/InputLogic.brs" />
    <script type="text/brightscript" uri="pkg:/components/UILogic/CleanupLogic.brs" />
    <script type="text/brightscript" uri="pkg:/components/RokuVoice/Voice.brs" />
    <script type="text/brightscript" uri="pkg:/source/bslib.brs" />
    <children>
        <Timer id="registrySaveTimer" />
        <Poster id="background" uri="pkg:/images/background_hd.png" width="1280" height="720" />
        <MultiStyleLabel id="loadingIndicator" width="1280" height="720" translation="[0,0]" horizAlign="center" vertAlign="center" visible="false" />
        <BusySpinner id="busySpinner" visible="false" />
        <Video id="Video" visible="false" width="1280" height="720" translation="[0,0]">
            <LayoutGroup id="videoOverlay" itemSpacings="[2]" layoutDirection="vert" translation="[50, 50]">
                <MultiStyleLabel id="nextUpLabel" width="750" height="25" visible="false" />
                <MultiStyleLabel id="nextEpisodeTitleLabel" width="750" height="25" visible="false" />
                <Poster id="nextEpisodeThumbnail" height="200" width="162" visible="false" translation="[0,0]" />
                <LayoutGroup itemSpacings="[1]" layoutDirection="horiz">
                    <Poster id="returnImage" height="32" width="32" visible="false" />
                    <MultiStyleLabel id="returnLabel" width="750" height="25" visible="false" />
                </LayoutGroup>
            </LayoutGroup>
        </Video>
    </children>
</component>
<!--//# sourceMappingURL=./MainScene.xml.map -->