<?xml version="1.0" encoding="UTF-8" ?>
<component name="SearchScreen" extends="Group" initialFocus="searchKeyboard">
    <interface>
        <field id="content" type="node" />
        <field id="searchResultsArray" type="array" />
        <function name="GetContentById" />
        <function name="ReloadSearchResults" />
    </interface>
    <script type="text/brightscript" uri="SearchScreen.brs" />
    <script type="text/brightscript" uri="pkg:/source/utils.brs" />
    <script type="text/brightscript" uri="pkg:/components/UILogic/Watched.brs" />
    <script type="text/brightscript" uri="pkg:/components/UILogic/VotingBookmarkLogic.brs" />
    <script type="text/brightscript" uri="pkg:/components/UILogic/BookmarkLogic.brs" />
    <script type="text/brightscript" uri="pkg:/source/Theme.brs" />
    <script type="text/brightscript" uri="pkg:/components/UILogic/SearchTaskLogic.brs" />
    <script type="text/brightscript" uri="pkg:/components/UILogic/SearchScreenLogic.brs" />
    <script type="text/brightscript" uri="pkg:/components/UILogic/ScreenStackLogic.brs" />
    <script type="text/brightscript" uri="pkg:/components/UILogic/LoginStatusLogic.brs" />
    <script type="text/brightscript" uri="pkg:/components/UILogic/DetailsScreenLogic.brs" />
    <script type="text/brightscript" uri="pkg:/components/UILogic/VideoPlayer.brs" />
    <script type="text/brightscript" uri="pkg:/source/main.brs" />
    <script type="text/brightscript" uri="pkg:/components/UILogic/SubscriptionLogic.brs" />
    <script type="text/brightscript" uri="pkg:/components/UILogic/SeasonsWithEpisodesScreenLogic.brs" />
    <script type="text/brightscript" uri="pkg:/components/UILogic/EpisodesOnlyScreenLogic.brs" />
    <script type="text/brightscript" uri="pkg:/components/UILogic/ContentVotingLogic.brs" />
    <script type="text/brightscript" uri="pkg:/components/UILogic/AccessTokenLogic.brs" />
    <script type="text/brightscript" uri="pkg:/source/bslib.brs" />
    <children>
        <Timer id="startTimer" />
        <Overhang id="overhang" showClock="false" title="Search" logoUri="pkg:/images/overhang.png" scale="[0.60, 0.60]" />
        <LayoutGroup layoutDirection="horiz" translation="[40.0, 100.0]" itemSpacings="[20]">
            <LayoutGroup layoutDirection="vert" translation="[40.0, 100.0]" itemSpacings="[25]">
                <Rectangle id="background" translation="[80, 350]" width="100" blendingEnabled="false" color="0x0000ff">
                    <DynamicMiniKeyboard id="searchKeyboard" />
                </Rectangle>
                <MultiStyleLabel id="searchResults" translation="[80, 450]" />
            </LayoutGroup>
            <LayoutGroup layoutDirection="vert" translation="[40.0, 100.0]" itemSpacings="[5]">
                <SearchButtonGroup id="searchButtons" textColor="0x0000ff" layoutDirection="horiz" buttonHeight="25" maxWidth="50" itemSpacings="[3.0]" />
                <SearchMarkupList id="searchList" itemComponentName="SearchListItemComponent" focusBitmapUri="pkg:/images/focus.9.png" focusFootprintBitmapUri="pkg:/images/focus.9.png" itemSize="[650, 160]" itemSpacing="[0, 20]" numRows="3" />
            </LayoutGroup>
        </LayoutGroup>
        <BusySpinner id="busySpinner" visible="false" />
    </children>
</component>
<!--//# sourceMappingURL=./SearchScreen.xml.map -->