<?xml version="1.0" encoding="UTF-8" ?>
<component name="GridScreen" extends="Group" initialFocus="RowList">
    <interface>
        <field id="content" type="node" alias="RowList.content" />
        <field id="rowItemSelected" type="intarray" alwaysNotify="true" alias="RowList.rowItemSelected" />
        <field id="jumpToRowItem" type="intarray" alwaysNotify="true" alias="RowList.jumpToRowItem" />
    </interface>
    <script type="text/brightscript" uri="GridScreen.brs" />
    <script type="text/brightscript" uri="pkg:/source/utils.brs" />
    <script type="text/brightscript" uri="pkg:/components/UILogic/SearchScreenLogic.brs" />
    <script type="text/brightscript" uri="pkg:/components/UILogic/Watched.brs" />
    <script type="text/brightscript" uri="pkg:/components/UILogic/VotingBookmarkLogic.brs" />
    <script type="text/brightscript" uri="pkg:/components/UILogic/BookmarkLogic.brs" />
    <script type="text/brightscript" uri="pkg:/components/UILogic/ScreenStackLogic.brs" />
    <script type="text/brightscript" uri="pkg:/source/Theme.brs" />
    <script type="text/brightscript" uri="pkg:/source/bslib.brs" />
    <children>
        <LayoutGroup layoutDirection="horiz" translation="[40.0, 30.0]" itemSpacings="[2]">
            <MainMenuComponent id="mainMenu" translation="[50.0, 250.0]" inheritParentTransform="false" />
            <LayoutGroup layoutDirection="vert" translation="[40.0, 30.0]" itemSpacings="[10]">
                <LayoutGroup layoutDirection="horiz" translation="[40.0, 30.0]" itemSpacings="[7]">
                    <LayoutGroup id="000" layoutDirection="vert" translation="[40.0, 30.0]" itemSpacings="[20]">
                        <MultiStyleLabel id="titleLabel" width="725" wrap="true" translation="[40,50]" ellipsizeOnBoundary="true" />
                        <MultiStyleLabel id="descriptionLabel" width="725" wrap="true" ellipsizeOnBoundary="true" translation="[40,100]" />
                        <MultiStyleLabel id="extrasLabel" width="725" translation="[40,55]" />
                    </LayoutGroup>
                    <Poster id="contentThumbnail" height="250" loadDisplayMode="scaleToFit" width="400" translation="[0,0]" />
                </LayoutGroup>
                <RowList itemComponentName="RowListItemComponent" id="rowList" translation="[40,250]" numRows="2" rowItemSize="[[240,135]]" rowItemSpacing="[[20,0]]" itemSize="[1175,200]" rowLabelOffset="[[0,20]]" focusXOffset="[0]" showRowLabel="[true]" showRowCounter="[true]" showRowCounterForShortRows="[false]" rowCounterRightOffset="65" rowFocusAnimationStyle="floatingFocus" />
            </LayoutGroup>
        </LayoutGroup>
    </children>
</component>
<!--//# sourceMappingURL=./GridScreen.xml.map -->