<?xml version="1.0" encoding="utf-8" ?> 
<component name="DetailsScreen" extends="Group" initialFocus="Buttons" xsi:noNamespaceSchemaLocation="https://devtools.web.roku.com/schema/RokuSceneGraph.xsd">
    <script type="text/brightscript" uri="DetailsScreen.brs" />
    <script type="text/brightscript" uri="pkg:/source/utils.brs" />
    <interface>
        <!-- Content fields -->
        <field id="content" type="node" />
        <!-- @WriteOnly  -->
        <!-- Manually focus on desired item. This field must be set after setting the content field. -->
        <field id="jumpToItem" type="integer" onChange="OnJumpToItem" value="0" alwaysNotify="true" />
        <!-- tells what item is currently focused  -->
        <field id="itemFocused" type="integer" alwaysNotify="true" />    
        <field id="buttonSelected" type="integer" alias="buttons.itemSelected" />
    </interface>
    <children>
        <Overhang 
            title = "Roku Rowing Channel"
            logoUri="pkg:/images/overhang.png" />
        <LayoutGroup
            translation="[1166, 154]"
            layoutDirection="horiz"
            horizAlignment="right"
            itemSpacings="[40]">
            <LayoutGroup
                itemSpacings="[14, 15]"
                layoutDirection="vert">
                <Rectangle
                    width="357"
                    height="201"
                    color="0xFFFFFF00">
                    <Poster
                        id="poster"
                        width="357"
                        loadWidth="357"
                        height="201"
                        loadHeight="201"
                        loadDisplayMode="scaleToFit"
                    />
                </Rectangle>
                <Label
                    id="titleLabel"
                    width="357"
                    wrap="false"
                    horizAlign="left"
                    color="0xffff00ff"
                />
                <Label
                    id="descriptionLabel"
                    ellipsizeOnBoundary="true"
                    wrap="true"
                    maxLines="3"
                    width="357"
                    ellipsisText="...(* for more)"
                />
                <Label
                    id="timeLabel"
                    width="357"
                    wrap="false"
                    horizAlign="left"
                />
                <Label
                    id="releaseLabel"
                    wrap="false"
                    width="357"
                />
            </LayoutGroup>
            <Group>
                <LabelList
                    id="buttons"
                    numRows="3"
                    itemSpacing="[0,10]"
                    itemSize="[593, 48]"
                />
            </Group>
        </LayoutGroup>
    </children>
</component>