{
    "servers" : [
        {
            "type" : "subscription",
            "endpoints" : [
                {
                    "action" : "validate-token",
                    "url" : ""
                },
                {
                    "action" : "check-linked-subscription",
                    "url" : ""
                },
                {
                    "action" : "validate-credentials",
                    "url" : ""
                },
                {
                    "action" : "get-access-token",
                    "url" : ""
                },
                {
                    "action" : "validate-new-order",
                    "url" : ""
                },
                {
                    "action" : "check-entitlement",
                    "url" : ""
                }
            ]
        }
    ]
}