<?xml version="1.0" encoding="UTF-8" ?>
<component name="AudioScreen" extends="Group" xsi:noNamespaceSchemaLocation="https://devtools.web.roku.com/schema/RokuSceneGraph.xsd">
    <interface>
        <field id="audioUrl" type="string" />
        <field id="audioThumbnail" type="string" />
        <field id="description" type="string" onChange="OnDescriptionChanged" />
    </interface>
    <script type="text/brightscript" uri="AudioScreen.brs" />
    <script type="text/brightscript" uri="pkg:/source/utils.brs" />
    <script type="text/brightscript" uri="pkg:/components/UILogic/Watched.brs" />
    <script type="text/brightscript" uri="pkg:/components/UILogic/VotingBookmarkLogic.brs" />
    <script type="text/brightscript" uri="pkg:/components/UILogic/BookmarkLogic.brs" />
    <script type="text/brightscript" uri="pkg:/source/Theme.brs" />
    <script type="text/brightscript" uri="pkg:/source/bslib.brs" />
    <children>
        <LayoutGroup translation="[0,0]" itemSpacings="[2]" layoutDirection="vert">
            <Poster id="audioPoster" />
            <MultiStyleLabel id="stateLabel" width="1280" height="50" horizAlign="center" vertAlign="center" inheritParentTransform="false" translation="[500.0, 10.0]" />
        </LayoutGroup>
        <Audio id="audioPlayer" />
    </children>
</component>
<!--//# sourceMappingURL=./AudioScreen.xml.map -->