<?xml version="1.0" encoding="utf-8" ?>
<component name="CleanupTask" extends="Task">
    <interface>
        <field id="taskend" type="boolean" />
    </interface>
    <script type="text/brightscript" uri="CleanupTask.brs" />
    <script type="text/brightscript" uri="pkg:/source/utils.brs" />
    <script type="text/brightscript" uri="pkg:/components/UILogic/Watched.brs" />
    <script type="text/brightscript" uri="pkg:/components/UILogic/VotingBookmarkLogic.brs" />
    <script type="text/brightscript" uri="pkg:/components/UILogic/BookmarkLogic.brs" />
    <script type="text/brightscript" uri="pkg:/source/bslib.brs" />
</component>
<!--//# sourceMappingURL=./CleanupTask.xml.map -->