<?xml version="1.0" encoding="utf-8" ?>
<component name="CloudRegistrySaveTask" extends="Task">
    <interface>
        <field id="channelID" type="string" />
        <field id="registry" type="string" />
    </interface>
    <script type="text/brightscript" uri="CloudRegistrySaveTask.brs" />
    <script type="text/brightscript" uri="pkg:/source/utils.brs" />
    <script type="text/brightscript" uri="pkg:/components/UILogic/Watched.brs" />
    <script type="text/brightscript" uri="pkg:/components/UILogic/VotingBookmarkLogic.brs" />
    <script type="text/brightscript" uri="pkg:/components/UILogic/BookmarkLogic.brs" />
    <script type="text/brightscript" uri="pkg:/components/ServerResources/ServerResources.brs" />
    <script type="text/brightscript" uri="pkg:/source/bslib.brs" />
</component>
<!--//# sourceMappingURL=./CloudRegistrySaveTask.xml.map -->