<?xml version="1.0" encoding="utf-8" ?>
<component name="CloudRegistryReadTask" extends="Task">
    <interface>
        <field id="channelID" type="string" />
        <field id="userID" type="string" />
        <field id="regFromCloud" type="assocarray" />
        <field id="cloudRegReceived" type="boolean" alwaysNotify="true" />
    </interface>
    <script type="text/brightscript" uri="CloudRegistryReadTask.brs" />
    <script type="text/brightscript" uri="pkg:/source/utils.brs" />
    <script type="text/brightscript" uri="pkg:/source/Theme.brs" />
    <script type="text/brightscript" uri="pkg:/components/UILogic/Watched.brs" />
    <script type="text/brightscript" uri="pkg:/components/UILogic/VotingBookmarkLogic.brs" />
    <script type="text/brightscript" uri="pkg:/components/UILogic/BookmarkLogic.brs" />
    <script type="text/brightscript" uri="pkg:/components/UILogic/CloudRegistryTaskLogic.brs" />
    <script type="text/brightscript" uri="pkg:/components/ServerResources/ServerResources.brs" />
    <script type="text/brightscript" uri="pkg:/source/bslib.brs" />
</component>
<!--//# sourceMappingURL=./CloudRegistryReadTask.xml.map -->