<?xml version="1.0" encoding="UTF-8" ?>
<component name="ContentVotingTask" extends="Task">
    <interface>
        <field id="contentid" type="string" />
        <field id="endpoint" type="string" />
        <field id="status" type="string" />
        <field id="vote" type="string" />
        <field id="sourceNode" type="node" />
    </interface>
    <script type="text/brightscript" uri="ContentVotingTask.brs" />
    <script type="text/brightscript" uri="pkg:/components/UILogic/VotingBookmarkLogic.brs" />
    <script type="text/brightscript" uri="pkg:/components/UILogic/BookmarkLogic.brs" />
    <script type="text/brightscript" uri="pkg:/source/utils.brs" />
    <script type="text/brightscript" uri="pkg:/source/Theme.brs" />
    <script type="text/brightscript" uri="pkg:/components/UILogic/Watched.brs" />
    <script type="text/brightscript" uri="pkg:/components/UILogic/CloudRegistryTaskLogic.brs" />
    <script type="text/brightscript" uri="pkg:/source/bslib.brs" />
    <children>
        <Timer id="votingTimer" duration="3" />
    </children>
</component>
<!--//# sourceMappingURL=./ContentVotingTask.xml.map -->