<?xml version="1.0" encoding="utf-8" ?>
<component name="InputTask" extends="Task">
    <interface>
        <field id="inputData" type="assocarray" alwaysNotify="true" />
        <field id="transportResponse" type="assocarray" />
    </interface>
    <script type="text/brightscript" uri="InputTask.brs" />
    <script type="text/brightscript" uri="pkg:/source/utils.brs" />
    <script type="text/brightscript" uri="pkg:/components/UILogic/VotingBookmarkLogic.brs" />
    <script type="text/brightscript" uri="pkg:/components/UILogic/BookmarkLogic.brs" />
    <script type="text/brightscript" uri="pkg:/source/bslib.brs" />
</component>
<!--//# sourceMappingURL=./InputTask.xml.map -->