<?xml version="1.0" encoding="UTF-8" ?>
<component name="MainLoaderTask" extends="Task">
    <interface>
        <field id="content" type="node" />
    </interface>
    <script type="text/brightscript" uri="MainLoaderTask.brs" />
    <script type="text/brightscript" uri="pkg:/source/utils.brs" />
    <script type="text/brightscript" uri="pkg:/components/UILogic/BookmarkLogic.brs" />
    <script type="text/brightscript" uri="pkg:/components/UILogic/Watched.brs" />
    <script type="text/brightscript" uri="pkg:/components/UILogic/VotingBookmarkLogic.brs" />
    <script type="text/brightscript" uri="pkg:/source/bslib.brs" />
</component>
<!--//# sourceMappingURL=./MainLoaderTask.xml.map -->