<component name="PlayerTask" extends="Task">
    <interface>
        <field id="Video" type="node" />
        <field id="mediaType" type="string" />
        <field id="countdownSeconds" type="integer" alwaysNotify="true" />
    </interface>
    <script type="text/brightscript" uri="pkg:/components/tasks/PlayerTaskWithAds.brs" />
    <script type="text/brightscript" uri="pkg:/source/utils.brs" />
    <script type="text/brightscript" uri="pkg:/components/UILogic/Watched.brs" />
    <script type="text/brightscript" uri="pkg:/components/UILogic/VotingBookmarkLogic.brs" />
    <script type="text/brightscript" uri="pkg:/components/UILogic/BookmarkLogic.brs" />
    <script type="text/brightscript" uri="pkg:/components/UILogic/CloudRegistryTaskLogic.brs" />
    <script type="text/brightscript" uri="pkg:/components/UILogic/VideoPlayerWithAds.brs" />
    <script type="text/brightscript" uri="pkg:/source/Theme.brs" />
    <script type="text/brightscript" uri="pkg:/components/UILogic/ScreenStackLogic.brs" />
    <script type="text/brightscript" uri="pkg:/source/bslib.brs" />
</component>
<!--//# sourceMappingURL=./PlayerTaskWithAds.xml.map -->