<?xml version="1.0" encoding="utf-8" ?>
<component name="PlayerTask" extends="Task">
    <interface>
        <field id="content" type="node" />
        <field id="startIndex" type="integer" />
        <field id="lastIndex" type="integer" />
    </interface>
    <script type="text/brightscript" uri="PlayerTask.brs" />
    <script type="text/brightscript" uri="pkg:/source/utils.brs" />
    <script type="text/brightscript" uri="pkg:/components/UILogic/BookmarkLogic.brs" />
    <script type="text/brightscript" uri="pkg:/source/bslib.brs" />
</component>
<!--//# sourceMappingURL=./PlayerTask.xml.map -->