<?xml version="1.0" encoding="UTF-8" ?>
<component name="SearchTask" extends="Task">
    <interface>
        <field id="searchIndex" type="array" />
        <field id="textInput" type="string" />
        <field id="searchContent" type="array" alwaysNotify="true" />
    </interface>
    <script type="text/brightscript" uri="SearchTask.brs" />
    <script type="text/brightscript" uri="pkg:/source/utils.brs" />
    <script type="text/brightscript" uri="pkg:/components/UILogic/VotingBookmarkLogic.brs" />
    <script type="text/brightscript" uri="pkg:/components/UILogic/BookmarkLogic.brs" />
    <script type="text/brightscript" uri="pkg:/source/bslib.brs" />
</component>
<!--//# sourceMappingURL=./SearchTask.xml.map -->