<?xml version="1.0" encoding="UTF-8" ?>
<component name="WebServiceApiTask" extends="Task">
    <interface>
        <field id="content" type="node" />
        <field id="endpoint" type="string" />
        <field id="transid" type="string" />
        <field id="isEntitled" type="boolean" alwaysNotify="true" />
        <field id="purchases" type="nodearray" />
        <field id="status" type="string" />
    </interface>
    <script type="text/brightscript" uri="WebServiceApiTask.brs" />
    <script type="text/brightscript" uri="pkg:/source/bslib.brs" />
</component>
<!--//# sourceMappingURL=./WebServiceApiTask.xml.map -->