<?xml version="1.0" encoding="utf-8" ?>
<component name="ScreenStack" extends="Group">
    <interface>
        <field id="appscreenStack" type="array" />
        <field id="screenNode" type="node" />
        <field id="current" type="node" />
        <field id="action" type="string" alwaysnotify="true" />
    </interface>
    <script type="text/brightscript" uri="pkg:/components/ScreenStack/ScreenStack.brs" />
    <script type="text/brightscript" uri="pkg:/components/UILogic/ScreenStackLogic.brs" />
    <script type="text/brightscript" uri="pkg:/source/bslib.brs" />
</component>
<!--//# sourceMappingURL=./ScreenStack.xml.map -->