<?xml version="1.0" encoding="UTF-8" ?>
<component name="ContentVotingDialog" extends="StandardDialog">
    <interface>
        <function name="SetDialogTitle" />
    </interface>
    <script type="text/brightscript" uri="ContentVotingDialog.brs" />
    <script type="text/brightscript" uri="pkg:/source/bslib.brs" />
    <children>
        <StdDlgTitleArea id="dialogTitle" />
        <StdDlgButtonArea id="buttonArea">
            <StdDlgButton text="Like" />
            <StdDlgButton text="Dislike" />
        </StdDlgButtonArea>
    </children>
</component>
<!--//# sourceMappingURL=./ContentVotingDialog.xml.map -->