{
    "MainMenuItems":
    [
        {
            "position": 0,
            "title": "Home",
            "bitmap": "pkg:/images/Home.png",
            "action": "MENU_HOME",
            "enabled": true
        },
        {
            "position": 1,
            "title": "Watchlist",
            "bitmap": "pkg:/images/Watchlist.png",
            "action": "MENU_WATCHLIST",
            "enabled": true
        },    
        {
            "position": 2,
            "title": "Search",
            "bitmap": "pkg:/images/Search.png",
            "action": "MENU_SEARCH",
            "enabled": true
        },
        {
            "position": 3,
            "title": "Tags",
            "bitmap": "pkg:/images/tags.png",
            "action": "MENU_TAGS",
            "enabled": true
        },
        {
            "position": 4,
            "title": "Series",
            "bitmap": "pkg:/images/Series.png",
            "action": "MENU_SERIES",
            "enabled": true
        },
        {
            "position": 5,
            "title": "Movies",
            "bitmap": "pkg:/images/Movies.png",
            "action": "MENU_MOVIES",
            "enabled": true
        },
        {
            "position": 6,
            "title": "TV specials",
            "bitmap": "pkg:/images/tvspecials.png",
            "action": "MENU_TVSPECIALS",
            "enabled": true
        }
    ]
}