{
    "screens": [
        {
            "name": "MainScene",
            "loadingIndicator": [
                {
                    "fonts": [
                        {
                            "GothamWhite18": 
                            {
                                "fontUri": "pkg:/fonts/Gotham-Medium.otf",
                                "fontSize": 18,
                                "color": "#FFFAFA"
                            }        
                        }
                    ]
                },
                {
                    "strings":
                    {
                        "loadingIndicator": "Please wait.  Loading contents of the channel..."
                    }    
                }
            ]
        },
        {            
            "name": "GridScreen",
            "titleLabel": [
                {
                    "fonts": [
                        {
                            "GothamBoldDarkBlue" :
                            {
                                "fontUri": "pkg:/fonts/Gotham-Bold.otf",
                                "fontSize": 36,
                                "color" : "#00008b" 
                            }               
                        }
                    ]
                }
            ],
            "descriptionLabel": [
                {
                    "fonts": [
                        {
                            "NordicaClassicLightItalic" : 
                            {
                                "fontUri": "pkg:/fonts/NordicaClassicLightCondensedOblique.otf",
                                "fontSize": 18,
                                "color": "#00008b"
                            }        
                        }
                    ]
                }
            ] ,
            "extrasLabel": [
                {
                    "fonts": [
                        {
                            "GothamDarkBlue12" :
                            {
                               "fontUri": "pkg:/fonts/Gotham-Medium.otf",
                               "fontSize": 12,
                               "color": "#00008b"
                           }
                        },
                        {
                           "GenericDingbatsSmall" : 
                           {
                               "fontUri": "pkg:/fonts/genericons.regular.otf",
                               "fontSize": 12,
                               "color": "#00008b"
                           }                                  
                        }
                    ]
                }
            ]
        },
        {
            "name": "DetailsScreen",
            "titleLabel": [
                {
                    "fonts": [
                        {
                            "GothamBoldDarkBlue" :
                            {
                                "fontUri": "pkg:/fonts/Gotham-Bold.otf",
                                "fontSize": 36,
                                "color" : "#00008b" 
                            }                   
                        }
                    ]
                }
            ],
            "descriptionLabel": [
                {
                    "fonts": [
                        {
                            "GothamDarkBlue18" : 
                            {
                                "fontUri": "pkg:/fonts/Gotham-Medium.otf",
                                "fontSize": 18,
                                "color": "#00008b"
                            }        
                        }
                    ]
                }
            ] ,
            "timeremainingLabel": [
                {
                    "fonts": [
                        {
                            "GothamDarkBlue12" :
                            {
                               "fontUri": "pkg:/fonts/Gotham-Medium.otf",
                               "fontSize": 12,
                               "color": "#00008b"
                           }       
                        }
                    ]
                }
            ] ,
            "votingLabel": [
                {
                    "fonts": [
                        {
                            "GothamWhite12" : 
                            {
                                "fontUri": "pkg:/fonts/Gotham-Medium.otf",
                                "fontSize": 12,
                                "color": "#FFFAFA"
                            }        
                        }
                    ]
                }
            ] ,
            "extrasLabel": [
                {
                    "fonts": [
                        {
                            "GothamDarkBlue12" :
                            {
                               "fontUri": "pkg:/fonts/Gotham-Medium.otf",
                               "fontSize": 12,
                               "color": "#00008b"
                           }
                        },
                        {
                           "GenericDingbatsSmall" : 
                           {
                               "fontUri": "pkg:/fonts/genericons.regular.otf",
                               "fontSize": 12,
                               "color": "#00008b"
                           }              
                        }
                    ]
                }
            ],
            "detailsButtons" : [
                {
                    "fonts": [
                        {
                            "GothamDarkBlue12" :
                            {
                               "fontUri": "pkg:/fonts/Gotham-Medium.otf",
                               "fontSize": 12,
                               "textColor": "0x00008b",
                               "focusedTextColor" : "0x000000"
                           }
                        }
                    ]
                },
                {
                    "strings" : {
                        "playButton" : "Play",
                        "playallButton" : "Play all",
                        "restartButton" : "Restart",
                        "continueButton" : "Continue",
                        "episodesButton" : "Episodes",
                        "likedButton" : "Liked",
                        "dislikedButton" : "Disliked",
                        "likedislikeButton" : "Like/Dislike"                        
                    }
                },
                {
                    "images" : {
                        "playButton" : "pkg:/images/play.png",
                        "playallButton" : "pkg:/images/playall.png",
                        "restartButton" : "pkg:/images/restart.png",
                        "continueButton" : "pkg:/images/resume.png",
                        "episodesButton" : "pkg:/images/episodes.png",
                        "likedButton" : "pkg:/images/like.png",
                        "dislikedButton" : "pkg:/images/dislike.png",
                        "likedislikeButton" : "pkg:/images/no_vote.png"
                    }
                }                
            ]
        },
        {
            "name": "EpisodesOnlyScreen",
            "votingLabel": [
                {
                    "fonts": [
                        {
                            "GothamWhite12" : 
                            {
                                "fontUri": "pkg:/fonts/Gotham-Medium.otf",
                                "fontSize": 12,
                                "color": "#FFFAFA"
                            }        
                        }
                    ]
                }
            ],
            "extrasLabel": [
                {
                    "fonts": [
                        {
                            "GothamDarkBlue12" :
                            {
                               "fontUri": "pkg:/fonts/Gotham-Medium.otf",
                               "fontSize": 12,
                               "color": "#00008b"
                            }
                        },
                        {
                           "GenericDingbatsSmall" : 
                            {
                                "fontUri": "pkg:/fonts/genericons.regular.otf",
                                "fontSize": 12,
                                "color": "#00008b"
                            }
                        }
                    ]
                }
            ],
            "creditsLabel" : [
                {
                    "fonts": [
                        {
                            "GothamDarkBlue12" :
                            {
                               "fontUri": "pkg:/fonts/Gotham-Medium.otf",
                               "fontSize": 12,
                               "color": "#00008b"
                           }
                        },
                        {
                           "GenericDingbatsSmall" : 
                            {
                                "fontUri": "pkg:/fonts/genericons.regular.otf",
                                "fontSize": 12,
                                "color": "#00008b"
                            }
                        }
                    ]
                }
            ]
        },
        {
            "name": "EpisodesScreen",
            "votingLabel": [
                {
                    "fonts": [
                        {
                            "GothamWhite12" : 
                            {
                                "fontUri": "pkg:/fonts/Gotham-Medium.otf",
                                "fontSize": 12,
                                "color": "#FFFAFA"
                            }        
                        }
                    ]
                }
            ],
            "episodesLabel": [
                {
                    "fonts": [
                        {
                            "GothamWhite16": 
                            {
                                "fontUri": "pkg:/fonts/Gotham-Medium.otf",
                                "fontSize": 16,
                                "color": "#FFFAFA"
                            }
                        },
                        {
                            "GenericDingbatsSmall" : 
                            {
                                "fontUri": "pkg:/fonts/genericons.regular.otf",
                                "fontSize": 12,
                                "color": "#00008b"
                            }        
                        }
                    ]
                }
            ]
        },
        {
            "name": "EpisodesListItemComponent",
            "info": [
                {
                    "fonts": [
                        {
                            "GothamWhite16": 
                            {
                                "fontUri": "pkg:/fonts/Gotham-Medium.otf",
                                "fontSize": 16,
                                "color": "#FFFAFA"
                            }        
                        }
                    ]
                }
            ],
            "title": [
                {
                    "fonts": [
                        {
                            "GothamWhite16": 
                            {
                                "fontUri": "pkg:/fonts/Gotham-Medium.otf",
                                "fontSize": 20,
                                "color": "#EFEFEFFF"
                            }        
                        }
                    ]
                }
            ],
            "description": [
                {
                    "fonts": [
                        {
                            "GothamWhite16": 
                            {
                                "fontUri": "pkg:/fonts/Gotham-Medium.otf",
                                "fontSize": 16,
                                "color": "#FFFFFF6F"
                            }        
                        }
                    ]
                }
            ] 
        },
        {
            "name": "ProgressComponent",
            "timeRemaining": [
                {
                    "fonts": [
                        {
                            "GothamWhite12": 
                            {
                                "fontUri": "pkg:/fonts/Gotham-Medium.otf",
                                "fontSize": 12,
                                "color": "#FFFAFA"
                            }        
                        }
                    ]
                }
            ],
            "restart": [
                {
                    "fonts": [
                        {
                            "GothamWhite12": 
                            {
                                "fontUri": "pkg:/fonts/Gotham-Medium.otf",
                                "fontSize": 12,
                                "color": "#FFFAFA"
                            }        
                        }
                    ]
                }
            ],
            "progressIndicator" : [
                {
                    "fonts": [
                        {
                            "GothamWhite12": 
                            {
                                "fontUri": "",
                                "fontSize": 0,
                                "color": "#008000"
                            }        
                        }
                    ]
                }
            ]
        },
        {
            "name": "SearchScreen",
            "searchResults": [
                {
                    "fonts": [
                        {
                            "GothamWhite18": 
                            {
                                "fontUri": "pkg:/fonts/Gotham-Medium.otf",
                                "fontSize": 18,
                                "color": "#FFFAFA"
                            }        
                        }
                    ]
                },
                {
                    "strings" : {
                        "interimResults" : "Found {0} matches for your search criteria.",
                        "finalResults" : "Your search returned {0} items.",
                        "noResults" : "Your search returned no items."
                    }
                }                
            ],
            "searchButtons" : [
                {
                    "fonts": [
                        {
                            "GothamDarkBlue12" :
                            {
                               "fontUri": "pkg:/fonts/Gotham-Medium.otf",
                               "fontSize": 12,
                               "textColor": "0x00008b",
                               "focusedTextColor" : "0x000000"
                           }
                        }
                    ]
                },
                {
                    "strings" : {
                        "Movies" : "Movies",
                        "LivFeeds" : "Live Feeds",
                        "Series" : "Series",
                        "Episodes" : "Episodes",
                        "ShortFormVideos" : "Short Form Videos",
                        "TvSpecials" : "TV Specials"
                    }
                },
                {
                    "images" : {
                    }
                }                
            ]
        }
    ]
}