<?xml version="1.0" encoding="UTF-8" ?>
<component name="TagsScreen" extends="Group" initialFocus="RowList">
    <interface>
        <field id="itemSelected" type="integer" alwaysNotify="true" />
    </interface>
    <script type="text/brightscript" uri="TagScreen.brs" />
    <script type="text/brightscript" uri="pkg:/source/utils.brs" />
    <script type="text/brightscript" uri="pkg:/source/Theme.brs" />
    <script type="text/brightscript" uri="pkg:/components/UILogic/Watched.brs" />
    <script type="text/brightscript" uri="pkg:/components/UILogic/VotingBookmarkLogic.brs" />
    <script type="text/brightscript" uri="pkg:/components/UILogic/BookmarkLogic.brs" />
    <script type="text/brightscript" uri="pkg:/components/UILogic/CloudRegistryTaskLogic.brs" />
    <script type="text/brightscript" uri="pkg:/source/bslib.brs" />
    <children>
        <LayoutGroup layoutDirection="horiz" translation="[40.0, 30.0]" itemSpacings="[2]">
            <MainMenuComponent id="mainMenu" translation="[50.0, 250.0]" inheritParentTransform="false" />
            <PosterGrid id="tagPosterGrid" translation="[100,100]" basePosterSize="[240,240]" itemSpacing="[32,32]" caption1NumLines="1" caption2NumLines="1" numColumns="4" numRows="3" />
        </LayoutGroup>
    </children>
</component>
<!--//# sourceMappingURL=./TagScreen.xml.map -->